curso,aula,iframe_src
Fundamentos do Vibe Design,Aula 1,https://iframe.mediadelivery.net/embed/593226/f9e47561-ca7f-4fbb-972b-bc06d937fab3?autoplay=true&loop=false&muted=false&preload=true&responsive=true
Fundamentos do Vibe Design,Aula 2,https://iframe.mediadelivery.net/embed/593226/47ea2a8d-5fcb-4083-bd0c-8f8cd2c1e319?autoplay=true&loop=false&muted=false&preload=true&responsive=true
Fundamentos do Vibe Design,Aula 3,https://iframe.mediadelivery.net/embed/593226/72adb894-362e-4431-9466-779505ba22d3?autoplay=true&loop=false&muted=false&preload=true&responsive=true
Fundamentos do Vibe Design,Aula 4,https://iframe.mediadelivery.net/embed/593226/eb539236-47c7-41e8-8fac-9fb6d6b150bd?autoplay=true&loop=false&muted=false&preload=true&responsive=true
Fundamentos do Vibe Design,Aula 5,https://iframe.mediadelivery.net/embed/593226/116cee58-fa01-4635-a85d-82f1bca95296?autoplay=true&loop=false&muted=false&preload=true&responsive=true
Fundamentos do Vibe Design,Aula 6,https://iframe.mediadelivery.net/embed/593226/101ba3f4-46c2-47b2-852d-085c242d2898?autoplay=true&loop=false&muted=false&preload=true&responsive=true
Fundamentos do Vibe Design,Aula 7,https://iframe.mediadelivery.net/embed/593226/492170dc-823a-40e4-9241-16562ba47885?autoplay=true&loop=false&muted=false&preload=true&responsive=true
Fundamentos do Vibe Design,Aula 8,https://iframe.mediadelivery.net/embed/593226/3b26f02e-b1b2-40b0-836b-97bd17df5348?autoplay=true&loop=false&muted=false&preload=true&responsive=true
Fundamentos do Vibe Design,Aula 9,https://iframe.mediadelivery.net/embed/593226/6f98d24e-54e3-4685-a3eb-c027e5823fa2?autoplay=true&loop=false&muted=false&preload=true&responsive=true
Fundamentos do Vibe Design,Aula 10,https://iframe.mediadelivery.net/embed/593226/3edd8d2a-7bab-4600-90b6-3e548426f42f?autoplay=true&loop=false&muted=false&preload=true&responsive=true
Fundamentos do Vibe Design,Aula 11,https://iframe.mediadelivery.net/embed/593226/065ad50f-ca58-4ce2-af7b-f0e01e45e6e3?autoplay=true&loop=false&muted=false&preload=true&responsive=true
Construindo sites estáticos de alto nível com IA,Aula 1,https://iframe.mediadelivery.net/embed/598022/ac0d11cc-6c3c-43e0-8c77-351c4d41337c?autoplay=true&loop=false&muted=false&preload=true&responsive=true
Construindo sites estáticos de alto nível com IA,Aula 2,https://iframe.mediadelivery.net/embed/598022/b0b4da74-b4bf-4058-8754-d4b4d4d55413?autoplay=true&loop=false&muted=false&preload=true&responsive=true
Construindo sites estáticos de alto nível com IA,Aula 3,https://iframe.mediadelivery.net/embed/598022/571ba211-092a-4bf6-87ff-df56ea67a614?autoplay=true&loop=false&muted=false&preload=true&responsive=true
Construindo sites estáticos de alto nível com IA,Aula 4,https://iframe.mediadelivery.net/embed/598022/5f1955d9-b650-4d0b-b8ae-b9de370f5860?autoplay=true&loop=false&muted=false&preload=true&responsive=true
Construindo sites estáticos de alto nível com IA,Aula 5,https://iframe.mediadelivery.net/embed/598022/914eb04b-ec95-4435-a697-1d20802f9e1f?autoplay=true&loop=false&muted=false&preload=true&responsive=true
Construindo sites estáticos de alto nível com IA,Aula 6,https://iframe.mediadelivery.net/embed/598022/a733bc2c-f1f1-4173-847c-80be5cd8c25d?autoplay=true&loop=false&muted=false&preload=true&responsive=true
Construindo sites estáticos de alto nível com IA,Aula 7,https://iframe.mediadelivery.net/embed/598022/1a7e7d16-32ff-4aa6-9981-4b61f4d15570?autoplay=true&loop=false&muted=false&preload=true&responsive=true
Construindo sites estáticos de alto nível com IA,Aula 8,https://iframe.mediadelivery.net/embed/598022/b1bdd75e-35d8-41dc-a002-2d43b2680aa4?autoplay=true&loop=false&muted=false&preload=true&responsive=true
Construindo sites estáticos de alto nível com IA,Aula 9,https://iframe.mediadelivery.net/embed/598022/db38963d-2f25-4ebc-a4db-d7e98e4c95b1?autoplay=true&loop=false&muted=false&preload=true&responsive=true
Construindo sites estáticos de alto nível com IA,Aula 10,https://iframe.mediadelivery.net/embed/598022/0fd4fac3-cceb-4b75-a8e7-748b6b1f2da3?autoplay=true&loop=false&muted=false&preload=true&responsive=true
Construindo sites estáticos de alto nível com IA,Aula 11,https://iframe.mediadelivery.net/embed/598022/52b97344-aac6-464e-8559-caed4ac49c63?autoplay=true&loop=false&muted=false&preload=true&responsive=true
Construindo sites estáticos de alto nível com IA,Aula 12,https://iframe.mediadelivery.net/embed/598022/14f99c36-42cc-4840-a778-acaafdc5d108?autoplay=true&loop=false&muted=false&preload=true&responsive=true
Construindo sites estáticos de alto nível com IA,Aula 13,https://iframe.mediadelivery.net/embed/598022/e8f2b127-294d-4cc3-8a32-4423c9f606e9?autoplay=true&loop=false&muted=false&preload=true&responsive=true
Formação Engenheiro de Agentes de IA - Comece por aqui,Continuar,https://iframe.mediadelivery.net/embed/460529/af903513-699f-4be7-9317-a8202973ab17?autoplay=true&loop=false&muted=false&preload=true&responsive=true
Formação Engenheiro de Agentes de IA - Comece por aqui,1.1 - Apresentação,https://iframe.mediadelivery.net/embed/508110/3cc25cb3-dae2-41de-ad4a-89087a9964e1?autoplay=true&loop=false&muted=false&preload=true&responsive=true
Formação Engenheiro de Agentes de IA - Comece por aqui,1.2 - Como a formação está organizada,https://iframe.mediadelivery.net/embed/508110/44219855-583c-4ef3-8298-4cc0bc6d75dd?autoplay=true&loop=false&muted=false&preload=true&responsive=true
Formação Engenheiro de Agentes de IA - Comece por aqui,"1.3 - Assistentes X Agentes
25xp",https://iframe.mediadelivery.net/embed/460529/8ef998e2-5275-493e-bd3d-169d21ab80d7?autoplay=true&loop=false&muted=false&preload=true&responsive=true
Por dentro das LLMs - como funcionam modelos como o ChatGPT?,Iniciar,https://iframe.mediadelivery.net/embed/463051/1dc997e0-3971-4829-a02b-bdcc910a53cc?autoplay=true&loop=false&muted=false&preload=true&responsive=true
Por dentro das LLMs - como funcionam modelos como o ChatGPT?,"1.2 - Transformers e LLMs
25xp",https://iframe.mediadelivery.net/embed/463051/fdffbf00-9113-4a29-b0d2-b67ece1b554a?autoplay=true&loop=false&muted=false&preload=true&responsive=true
Por dentro das LLMs - como funcionam modelos como o ChatGPT?,Aula 3,https://iframe.mediadelivery.net/embed/463051/a7f78d67-56c9-4e37-9bef-f9fdb5e52625?autoplay=true&loop=false&muted=false&preload=true&responsive=true
Por dentro das LLMs - como funcionam modelos como o ChatGPT?,Aula 4,https://iframe.mediadelivery.net/embed/463051/1800c124-0848-4f87-8328-e750b37fa207?autoplay=true&loop=false&muted=false&preload=true&responsive=true
Por dentro das LLMs - como funcionam modelos como o ChatGPT?,Aula 5,https://iframe.mediadelivery.net/embed/463051/d45c6c3b-07b1-4700-b5ae-6bedbb25e138?autoplay=true&loop=false&muted=false&preload=true&responsive=true
Por dentro das LLMs - como funcionam modelos como o ChatGPT?,Aula 6,https://iframe.mediadelivery.net/embed/463051/a78322ef-4080-4b1b-9ef6-e42bf58c9892?autoplay=true&loop=false&muted=false&preload=true&responsive=true
Por dentro das LLMs - como funcionam modelos como o ChatGPT?,Aula 7,https://iframe.mediadelivery.net/embed/463051/ade39a7e-e088-4d85-ab9b-89dd67aaa755?autoplay=true&loop=false&muted=false&preload=true&responsive=true
Por dentro das LLMs - como funcionam modelos como o ChatGPT?,Aula 8,
Por dentro das LLMs - como funcionam modelos como o ChatGPT?,Aula 9,https://iframe.mediadelivery.net/embed/463051/c4e9a59f-1a87-4031-9e1c-342899982a50?autoplay=true&loop=false&muted=false&preload=true&responsive=true
Por dentro das LLMs - como funcionam modelos como o ChatGPT?,Aula 10,https://iframe.mediadelivery.net/embed/463051/408bc408-d525-4415-9b86-35ba76bac8e1?autoplay=true&loop=false&muted=false&preload=true&responsive=true
Por dentro das LLMs - como funcionam modelos como o ChatGPT?,Aula 11,
Por dentro das LLMs - como funcionam modelos como o ChatGPT?,Aula 12,https://iframe.mediadelivery.net/embed/463051/0f83ada0-ffbd-4f28-9859-9d4ae50866af?autoplay=true&loop=false&muted=false&preload=true&responsive=true
Por dentro das LLMs - como funcionam modelos como o ChatGPT?,Aula 13,https://iframe.mediadelivery.net/embed/463051/74f9700f-b338-4772-8b42-d771d5ccd2f9?autoplay=true&loop=false&muted=false&preload=true&responsive=true
Por dentro das LLMs - como funcionam modelos como o ChatGPT?,Aula 14,
Introdução à Lógica de Programação,Iniciar,https://iframe.mediadelivery.net/embed/117004/0a5f1554-6716-4870-80dd-06639cbaed50?autoplay=false
Introdução à Lógica de Programação,"1.2 - Asimov Academy: nossos princípios
25xp",https://iframe.mediadelivery.net/embed/117004/346f82f5-51e9-4fb7-9cb4-448a39317f25?autoplay=false
Introdução à Lógica de Programação,"1.3 - O que é uma linguagem de programação
25xp",https://iframe.mediadelivery.net/embed/117004/01f55ad8-d482-47e7-80f0-e60c14c58d62?autoplay=false
Introdução à Lógica de Programação,"1.4 - O que podemos e não podemos fazer com Python
25xp",https://iframe.mediadelivery.net/embed/117004/bb7e77e8-1e2e-454e-9a6e-9c8ae2b05bbf?autoplay=false
Introdução à Lógica de Programação,"1.5 - Como tirar suas dúvidas?
25xp",https://iframe.mediadelivery.net/embed/117004/b02b40f2-cb7f-4baa-b1ff-fcfd3ba64360?autoplay=true
Introdução à Lógica de Programação,Aula 6,https://iframe.mediadelivery.net/embed/117004/7d2d1f29-0e7b-44a1-b98a-560a627b5b16?autoplay=false
Introdução à Lógica de Programação,Aula 7,https://iframe.mediadelivery.net/embed/117004/32381347-14c5-4ff2-b67a-5bb5767abaa0?autoplay=false
Introdução à Lógica de Programação,Aula 8,https://iframe.mediadelivery.net/embed/117004/7e42fa2d-2dcc-4bbe-9dfe-37470253b48c?autoplay=false
Introdução à Lógica de Programação,Aula 9,https://iframe.mediadelivery.net/embed/117004/697738fe-a107-4986-8e33-e05ea2e63d13?autoplay=false
Introdução à Lógica de Programação,Aula 10,https://iframe.mediadelivery.net/embed/117004/a1a5d7f1-61b6-4af0-8284-d51b5f3bd2dc?autoplay=false
Introdução à Lógica de Programação,Aula 11,
Introdução à Lógica de Programação,Aula 12,https://iframe.mediadelivery.net/embed/117004/5b12365e-455c-45f6-af14-0b6617298c51?autoplay=false
Introdução à Lógica de Programação,Aula 13,https://iframe.mediadelivery.net/embed/117004/79454aee-3a58-4784-b379-950fd5726246?autoplay=false
Introdução à Lógica de Programação,Aula 14,https://iframe.mediadelivery.net/embed/117004/57859a3d-863e-47fd-9832-845ddf68b043?autoplay=false
Introdução à Lógica de Programação,Aula 15,https://iframe.mediadelivery.net/embed/117004/ebe2ec7d-0434-4bea-9edb-971584c2373c?autoplay=false
Introdução à Lógica de Programação,Aula 16,
Introdução à Lógica de Programação,Aula 17,
Aprendendo Python: Conceitos Básicos,Iniciar,https://iframe.mediadelivery.net/embed/145159/02345d40-065b-4659-b8a7-e5bcc62ce395?autoplay=false
Aprendendo Python: Conceitos Básicos,"1.2 - Criando nosso primeiro script
25xp",https://iframe.mediadelivery.net/embed/145159/311c0a4d-e718-4660-bcf1-e0811f1040b7?autoplay=false
Aprendendo Python: Conceitos Básicos,"1.3 - Números em Python
25xp",https://iframe.mediadelivery.net/embed/145159/937b27c6-252e-4ee3-b6bc-8905e982e561?autoplay=false
Aprendendo Python: Conceitos Básicos,"1.4 - Texto em Python
25xp",https://iframe.mediadelivery.net/embed/145159/e332853d-abc8-4855-90d8-93f11090299b?autoplay=false
Aprendendo Python: Conceitos Básicos,"1.5 - Variáveis
25xp",https://iframe.mediadelivery.net/embed/145159/b21c9b04-a1d3-4585-b258-46745c599a2d?autoplay=false
Aprendendo Python: Conceitos Básicos,"1.6 - Pegando valores do usuário
25xp",https://iframe.mediadelivery.net/embed/145159/e7452449-0256-4fd3-8fa8-2064db72ce4e?autoplay=false
Aprendendo Python: Conceitos Básicos,"1.7 - Desafio – entrevista
25xp",https://iframe.mediadelivery.net/embed/145159/c9ead0fb-e1f7-40ee-9942-7197d882e9f4?autoplay=false
Aprendendo Python: Conceitos Básicos,"1.8 - Formatação de texto
25xp",https://iframe.mediadelivery.net/embed/145159/9d6ae6cb-84a7-496f-bab9-0d6acbdea605?autoplay=false
Aprendendo Python: Conceitos Básicos,"1.9 - Quiz – Fundamentos do Python
25xp",
Aprendendo Python: Conceitos Básicos,Aula 10,https://iframe.mediadelivery.net/embed/145159/b49833b3-cb32-40f3-9992-710cf54756d6?autoplay=false
Aprendendo Python: Conceitos Básicos,Aula 11,https://iframe.mediadelivery.net/embed/145159/5bd2aa7d-e6d0-4840-aa3b-8c3bb756d0e6?autoplay=false
Aprendendo Python: Conceitos Básicos,Aula 12,https://iframe.mediadelivery.net/embed/145159/223c3357-3913-4070-83b6-4839219d506f?autoplay=false
Aprendendo Python: Conceitos Básicos,Aula 13,https://iframe.mediadelivery.net/embed/145159/e92a2c87-bcba-4f43-86d0-2201eb63e51b?autoplay=false
Aprendendo Python: Conceitos Básicos,Aula 14,https://iframe.mediadelivery.net/embed/145159/01567c04-4fad-4edb-be31-145a1e4d0081?autoplay=false
Aprendendo Python: Conceitos Básicos,Aula 15,
Aprendendo Python: Conceitos Básicos,Aula 16,https://iframe.mediadelivery.net/embed/145159/9512a304-651c-4a74-a8cc-cb4394c3a8d1?autoplay=false
Aprendendo Python: Conceitos Básicos,Aula 17,https://iframe.mediadelivery.net/embed/145159/c5483ff8-d22a-48a1-8838-70436498dbf7?autoplay=false
Aprendendo Python: Conceitos Básicos,Aula 18,https://iframe.mediadelivery.net/embed/145159/8d25a27e-127d-4018-bd5f-773f653a3e18?autoplay=false
Aprendendo Python: Conceitos Básicos,Aula 19,https://iframe.mediadelivery.net/embed/145159/81aae73a-019c-448f-b660-be8f9ab23a9b?autoplay=false
Aprendendo Python: Conceitos Básicos,Aula 20,https://iframe.mediadelivery.net/embed/145159/da277445-3b57-404a-8475-c73ddd30a675?autoplay=false
Aprendendo Python: Conceitos Básicos,Aula 21,https://iframe.mediadelivery.net/embed/145159/e3d4df3d-a52e-4e08-8a8f-d573e888efd8?autoplay=false
Aprendendo Python: Conceitos Básicos,Aula 22,https://iframe.mediadelivery.net/embed/145159/64b5099e-0443-46b2-867e-cfe3cdc5439e?autoplay=false
Aprendendo Python: Conceitos Básicos,Aula 23,https://iframe.mediadelivery.net/embed/145159/c43d5f72-e92b-4e0f-b739-fe7c60f25c95?autoplay=false
Aprendendo Python: Conceitos Básicos,Aula 24,https://iframe.mediadelivery.net/embed/145159/71893831-3900-4dd7-aca7-b7581bdd825f?autoplay=false
Aprendendo Python: Conceitos Básicos,Aula 25,https://iframe.mediadelivery.net/embed/145159/7547920f-49da-46c9-be96-5974efb24163?autoplay=false
Aprendendo Python: Conceitos Básicos,Aula 26,https://iframe.mediadelivery.net/embed/145159/15196e9c-2a59-47d4-82db-b1ad56a77c4c?autoplay=false
Aprendendo Python: Conceitos Básicos,Aula 27,
Aprendendo Python: Conceitos Básicos,Aula 28,https://iframe.mediadelivery.net/embed/145159/14a9375d-0a30-4a4c-8b58-443de355aa88?autoplay=false
Aprendendo Python: Conceitos Básicos,Aula 29,https://iframe.mediadelivery.net/embed/145159/4bd6a54d-a0ec-4809-b896-fcc674c96682?autoplay=false
Aprendendo Python: Conceitos Básicos,Aula 30,https://iframe.mediadelivery.net/embed/145159/d8ca9a99-1124-4eab-b8b7-2955c28e2743?autoplay=false
Aprendendo Python: Conceitos Básicos,Aula 31,https://iframe.mediadelivery.net/embed/145159/b5cd2187-1ca6-4ce5-95e2-174e28ab1ca8?autoplay=false
Aprendendo Python: Conceitos Básicos,Aula 32,https://iframe.mediadelivery.net/embed/145159/2ebbb15c-34d9-416f-941b-8a51fcb1f674?autoplay=false
Aprendendo Python: Conceitos Básicos,Aula 33,https://iframe.mediadelivery.net/embed/145159/3866ca04-4fd8-482c-917d-1739344a0c03?autoplay=false
Aprendendo Python: Conceitos Básicos,Aula 34,https://iframe.mediadelivery.net/embed/145159/e42f6a66-fde5-4245-9bbc-0fd4a1f536cd?autoplay=false
Aprendendo Python: Conceitos Básicos,Aula 35,https://iframe.mediadelivery.net/embed/145159/27b4f865-1d7a-4491-a158-ac1d5167284b?autoplay=false
Aprendendo Python: Conceitos Básicos,Aula 36,https://iframe.mediadelivery.net/embed/145159/0bd65c13-23de-4a4c-bf3f-4fcf71be48da?autoplay=false
Aprendendo Python: Conceitos Básicos,Aula 37,
Aprendendo Python: Conceitos Básicos,Aula 38,https://iframe.mediadelivery.net/embed/145159/ee73fbc2-1fb8-407f-a4de-a0188e8a0acc?autoplay=false
Aprendendo Python: Conceitos Básicos,Aula 39,https://iframe.mediadelivery.net/embed/145159/64d6ca5e-471a-4081-9ac1-ea00007637dc?autoplay=false
Aprendendo Python: Conceitos Básicos,Aula 40,https://iframe.mediadelivery.net/embed/145159/cd9c7fc1-7f35-48f5-85f4-abe299cc7624?autoplay=false
Aprendendo Python: Conceitos Básicos,Aula 41,https://iframe.mediadelivery.net/embed/145159/9d1e863d-0e94-462e-ac42-34e820ca58d4?autoplay=false
Aprendendo Python: Conceitos Básicos,Aula 42,https://iframe.mediadelivery.net/embed/145159/2c853f19-4cb5-4e42-a5d7-9f9cb8b6b3a7?autoplay=false
Aprendendo Python: Conceitos Básicos,Aula 43,
Aprendendo Python: Conceitos Básicos,Aula 44,https://iframe.mediadelivery.net/embed/145159/6fdc460e-a538-42f6-ac3e-82b0234448c9?autoplay=false
Aprendendo Python: Conceitos Básicos,Aula 45,https://iframe.mediadelivery.net/embed/145159/53dd5d7f-b852-4df7-8027-ae6c7f50f367?autoplay=false
Aprendendo Python: Conceitos Básicos,Aula 46,
Aprendendo Python: Conceitos Básicos,Aula 47,https://iframe.mediadelivery.net/embed/145159/99b4030b-cb31-4474-acd2-a47cb42ae66e?autoplay=false
Criando seu Setup para Programação Python,Iniciar,https://iframe.mediadelivery.net/embed/179420/6aa854c7-316f-4896-a3ea-0d1e6ad7f385?autoplay=false
Criando seu Setup para Programação Python,"1.2 - O que é um terminal
25xp",https://iframe.mediadelivery.net/embed/179420/927b940e-6b68-4b0a-9e85-a1b788cd57d2?autoplay=false
Criando seu Setup para Programação Python,"1.3 - Quiz – Terminal
25xp",
Criando seu Setup para Programação Python,Aula 4,https://iframe.mediadelivery.net/embed/179420/982bbb5f-b7ca-4da8-9e4a-fba113445c4c?autoplay=false
Criando seu Setup para Programação Python,Aula 5,https://iframe.mediadelivery.net/embed/179420/f1234223-a80f-4d59-a630-346e4bf3d24c?autoplay=false
Criando seu Setup para Programação Python,Aula 6,https://iframe.mediadelivery.net/embed/179420/79ade6ad-a34b-49b5-ab8d-8b4efd732520?autoplay=false
Criando seu Setup para Programação Python,Aula 7,https://iframe.mediadelivery.net/embed/179420/36af4d07-65b6-4b5e-b51c-92e8e7a38e24?autoplay=false
Criando seu Setup para Programação Python,Aula 8,https://iframe.mediadelivery.net/embed/179420/6222f854-fa91-4b42-a100-6e7cd510b2d7?autoplay=false
Criando seu Setup para Programação Python,Aula 9,https://iframe.mediadelivery.net/embed/179420/f3014460-ad77-44d8-9442-84ffbb6650f2?autoplay=false
Criando seu Setup para Programação Python,Aula 10,https://iframe.mediadelivery.net/embed/179420/601c344e-d0ab-4b9d-b14e-2c0d7c6b752a?autoplay=false
Criando seu Setup para Programação Python,Aula 11,
Criando seu Setup para Programação Python,Aula 12,https://iframe.mediadelivery.net/embed/179420/c9a1fb5a-f2e8-401c-be99-3bd2080a0da9?autoplay=false
Criando seu Setup para Programação Python,Aula 13,https://iframe.mediadelivery.net/embed/179420/fad5939c-d89c-497b-a979-e23b5d1894f0?autoplay=false
Criando seu Setup para Programação Python,Aula 14,https://iframe.mediadelivery.net/embed/179420/5004b46e-8fad-41f8-b378-41ea26d4a510?autoplay=false
Criando seu Setup para Programação Python,Aula 15,https://iframe.mediadelivery.net/embed/179420/e0e8e7fc-0536-4a33-ac1a-8b9280f27c53?autoplay=false
Criando seu Setup para Programação Python,Aula 16,https://iframe.mediadelivery.net/embed/179420/578c7a9f-c4b7-4c69-81b5-30b56dfcdb35?autoplay=false
Criando seu Setup para Programação Python,Aula 17,https://iframe.mediadelivery.net/embed/179420/3cf86798-9dc5-4f6b-bbb2-cc7da8f7b7b5?autoplay=false
Criando seu Setup para Programação Python,Aula 18,
Criando seu Setup para Programação Python,Aula 19,https://iframe.mediadelivery.net/embed/254931/7d6f7b57-2e3c-4534-9882-50316fc51c15?autoplay=false
Criando seu Setup para Programação Python,Aula 20,https://iframe.mediadelivery.net/embed/254931/b7e1ec42-4654-4115-9cbe-656e343f9f82?autoplay=false
Criando seu Setup para Programação Python,Aula 21,https://iframe.mediadelivery.net/embed/254931/b2e486d1-8a01-4f44-8f51-542694c13223?autoplay=false
Criando seu Setup para Programação Python,Aula 22,
Criando seu Setup para Programação Python,Aula 23,https://iframe.mediadelivery.net/embed/254931/e49b5ba9-a994-4edc-8399-aa445dfa348a?autoplay=false
Criando seu Setup para Programação Python,Aula 24,https://iframe.mediadelivery.net/embed/254931/9512634f-4b2c-48d5-abce-be78144c7169?autoplay=false
Criando seu Setup para Programação Python,Aula 25,
Engenharia de Prompts,Iniciar,https://iframe.mediadelivery.net/embed/224202/aac07c6d-4c8a-4ef3-943a-10adb4eb813f?autoplay=false
Engenharia de Prompts,"1.2 - Conceitos Gerais de LLMs
25xp",https://iframe.mediadelivery.net/embed/224202/d8e8f621-24ef-4f03-84e1-b2d742e9bfeb?autoplay=false
Engenharia de Prompts,"1.3 - Os princípios de um bom prompt
25xp",https://iframe.mediadelivery.net/embed/224202/29ba49e9-6b9f-4dfd-9017-134e640d856e?autoplay=false
Engenharia de Prompts,Aula 4,https://iframe.mediadelivery.net/embed/224202/1382a72a-ebcc-446a-b7a3-88d23f763db8?autoplay=false
Engenharia de Prompts,Aula 5,https://iframe.mediadelivery.net/embed/224202/3cfc7eb0-5d89-42b8-b581-9d5885492246?autoplay=false
Engenharia de Prompts,Aula 6,https://iframe.mediadelivery.net/embed/224202/5ba15d6d-c003-4eb0-8dda-967743b913e8?autoplay=false
Engenharia de Prompts,Aula 7,https://iframe.mediadelivery.net/embed/224202/8e6ce65d-2194-4822-b2f4-1a213ed0fce7?autoplay=false
Engenharia de Prompts,Aula 8,https://iframe.mediadelivery.net/embed/224202/7eb15ecd-4ba7-4c8a-8c6f-17f27b047451?autoplay=false
Engenharia de Prompts,Aula 9,
Engenharia de Prompts,Aula 10,https://iframe.mediadelivery.net/embed/224202/b71d7841-f39b-4343-984c-c49bba3a9e07?autoplay=false
Engenharia de Prompts,Aula 11,
Engenharia de Prompts,Aula 12,https://iframe.mediadelivery.net/embed/224202/62eeb395-43a4-4e69-b4f0-962d7231d7e0?autoplay=false
Engenharia de Prompts,Aula 13,https://iframe.mediadelivery.net/embed/224202/f013666b-43bf-4da3-a3cc-3c8bc1706f08?autoplay=false
Engenharia de Prompts,Aula 14,https://iframe.mediadelivery.net/embed/224202/21cfb26d-eac3-4efc-89b3-cbb4ec5c9d64?autoplay=false
Engenharia de Prompts,Aula 15,https://iframe.mediadelivery.net/embed/224202/897251b5-d3d1-4fff-bdba-ae0ccfcaa0fc?autoplay=false
Engenharia de Prompts,Aula 16,https://iframe.mediadelivery.net/embed/224202/d3f9ba5e-5611-4b3d-befb-0ed86621595a?autoplay=false
Engenharia de Prompts,Aula 17,
Engenharia de Prompts,Aula 18,https://iframe.mediadelivery.net/embed/224202/fc37f56c-fb89-41b8-b2b3-8f4820af518b?autoplay=false
Criando Agentes com Agno,Iniciar,https://iframe.mediadelivery.net/embed/465512/7403e033-024b-45c0-8f95-85df292c3115?autoplay=true&loop=false&muted=false&preload=true&responsive=true
Criando Agentes com Agno,"1.2 - Aviso de versão
25xp",
Criando Agentes com Agno,"1.3 - O que são agentes de IA?
25xp",https://iframe.mediadelivery.net/embed/465512/5baf1035-63df-4f6b-8d42-b200ca0493e4?autoplay=true&loop=false&muted=false&preload=true&responsive=true
Criando Agentes com Agno,"1.4 - Como um agente executa tarefas?
25xp",https://iframe.mediadelivery.net/embed/465512/08eda075-d973-4725-8974-c899776b5b80?autoplay=true&loop=false&muted=false&preload=true&responsive=true
Criando Agentes com Agno,"1.5 - Agno ou Langchain?
25xp",https://iframe.mediadelivery.net/embed/465512/a737aa17-499a-4607-9d78-4d14c7664617?autoplay=true&loop=false&muted=false&preload=true&responsive=true
Criando Agentes com Agno,Aula 6,https://iframe.mediadelivery.net/embed/465512/c819243c-eb92-473a-af85-f2145249f520?autoplay=true&loop=false&muted=false&preload=true&responsive=true
Criando Agentes com Agno,Aula 7,https://iframe.mediadelivery.net/embed/465512/06b03596-f557-456c-90f7-889563380978?autoplay=true&loop=false&muted=false&preload=true&responsive=true
Criando Agentes com Agno,Aula 8,https://iframe.mediadelivery.net/embed/465512/fa97fff3-2987-41c6-a832-969c6219c782?autoplay=true&loop=false&muted=false&preload=true&responsive=true
Criando Agentes com Agno,Aula 9,https://iframe.mediadelivery.net/embed/465512/b9c3d3df-00d1-48b4-90f9-0229c508d334?autoplay=true&loop=false&muted=false&preload=true&responsive=true
Criando Agentes com Agno,Aula 10,https://iframe.mediadelivery.net/embed/520097/c406c8c5-d60f-4865-8b57-d707e5b5d873?autoplay=true&loop=false&muted=false&preload=true&responsive=true
Criando Agentes com Agno,Aula 11,https://iframe.mediadelivery.net/embed/520097/7be12668-b7ab-4552-a296-7c0ed2d1cc2a?autoplay=true&loop=false&muted=false&preload=true&responsive=true
Criando Agentes com Agno,Aula 12,https://iframe.mediadelivery.net/embed/520097/d97a67ac-994e-4e31-825f-097c935cd0dd?autoplay=true&loop=false&muted=false&preload=true&responsive=true
Criando Agentes com Agno,Aula 13,https://iframe.mediadelivery.net/embed/520097/b6f558a7-5d80-4c98-b6ce-ed7486af0594?autoplay=true&loop=false&muted=false&preload=true&responsive=true
Criando Agentes com Agno,Aula 14,https://iframe.mediadelivery.net/embed/520097/877e308d-d370-4014-b522-79166cff583b?autoplay=true&loop=false&muted=false&preload=true&responsive=true
Criando Agentes com Agno,Aula 15,https://iframe.mediadelivery.net/embed/517109/7f72f807-630b-4791-bd92-b3526b79355d?autoplay=true&loop=false&muted=false&preload=true&responsive=true
Criando Agentes com Agno,Aula 16,https://iframe.mediadelivery.net/embed/517109/31414096-5515-4adc-8ce6-9178adc2b519?autoplay=true&loop=false&muted=false&preload=true&responsive=true
Criando Agentes com Agno,Aula 17,https://iframe.mediadelivery.net/embed/517109/45d9acf4-9ab9-4e33-8b76-86f68f2fe372?autoplay=true&loop=false&muted=false&preload=true&responsive=true
Criando Agentes com Agno,Aula 18,https://iframe.mediadelivery.net/embed/517109/091ebd17-be90-4bb6-883b-fe4cd7e6e226?autoplay=true&loop=false&muted=false&preload=true&responsive=true
Criando Agentes com Agno,Aula 19,https://iframe.mediadelivery.net/embed/517109/c04d2d80-f507-4c8d-81cf-05259c4c0946?autoplay=true&loop=false&muted=false&preload=true&responsive=true
Criando Agentes com Agno,Aula 20,https://iframe.mediadelivery.net/embed/517109/55c23dab-4e50-4204-806f-d4d331968657?autoplay=true&loop=false&muted=false&preload=true&responsive=true
Criando Agentes com Agno,Aula 21,https://iframe.mediadelivery.net/embed/517109/ce62a0da-32ba-425c-9e53-c78f149a0537?autoplay=true&loop=false&muted=false&preload=true&responsive=true
Criando Agentes com Agno,Aula 22,https://iframe.mediadelivery.net/embed/517109/b9e510a2-5179-4374-893c-c40691ba3b66?autoplay=true&loop=false&muted=false&preload=true&responsive=true
Criando Agentes com Agno,Aula 23,https://iframe.mediadelivery.net/embed/517109/2a19dd30-f116-4bb5-9f97-f86e426c1172?autoplay=true&loop=false&muted=false&preload=true&responsive=true
Criando Aplicativos Web com Streamlit,Continuar,https://iframe.mediadelivery.net/embed/142416/8b54d0fe-1c17-43ba-8fc2-fa8f8c9f274e?autoplay=false
Criando Aplicativos Web com Streamlit,"1.2 - Rodando o primeiro Dashboard
25xp",https://iframe.mediadelivery.net/embed/142416/79093568-4a17-4ddd-9792-e5ffc4d524ac?autoplay=false
Criando Aplicativos Web com Streamlit,"1.3 - Apresentando dados no Streamlit
25xp",https://iframe.mediadelivery.net/embed/142416/f4d67176-1598-4b14-bda5-053298111f1b?autoplay=false
Criando Aplicativos Web com Streamlit,"1.4 - Quiz – Introdução ao Streamlit
25xp",
Criando Aplicativos Web com Streamlit,Aula 5,https://iframe.mediadelivery.net/embed/142416/7979cbf4-9652-4bdf-8764-0517dcdfbc73?autoplay=false
Criando Aplicativos Web com Streamlit,Aula 6,https://iframe.mediadelivery.net/embed/142416/5c73c6e8-e191-4dcb-b7e6-16804bc114c9?autoplay=false
Criando Aplicativos Web com Streamlit,Aula 7,https://iframe.mediadelivery.net/embed/142416/58edb788-2112-419c-8960-a52d66536173?autoplay=false
Criando Aplicativos Web com Streamlit,Aula 8,https://iframe.mediadelivery.net/embed/142416/200d492e-5462-4ff0-9c71-08f69bd3e738?autoplay=false
Criando Aplicativos Web com Streamlit,Aula 9,
Criando Aplicativos Web com Streamlit,Aula 10,https://iframe.mediadelivery.net/embed/143089/ebdbdf3a-2f63-46be-9b30-5d3f4c15ae1c?autoplay=false
Criando Aplicativos Web com Streamlit,Aula 11,https://iframe.mediadelivery.net/embed/143089/d0db2eba-348a-4e77-9221-a4dbd7e624d4?autoplay=false
Criando Aplicativos Web com Streamlit,Aula 12,
Criando Aplicativos Web com Streamlit,Aula 13,https://iframe.mediadelivery.net/embed/252184/f0d44c45-2fa3-4b57-8949-75a1d672f26f?autoplay=false
Criando Aplicativos Web com Streamlit,Aula 14,https://iframe.mediadelivery.net/embed/252184/5fcdf5aa-010d-419a-afb3-eb8fcbef141d?autoplay=false
Criando Multi Agent Systems com CrewAI,Iniciar,https://iframe.mediadelivery.net/embed/405395/3e66fccf-f5c8-42ad-b90d-6eb32f29d9c5?autoplay=true
Criando Multi Agent Systems com CrewAI,"1.2 - O conceito central de CrewAI
25xp",https://iframe.mediadelivery.net/embed/405395/5ae739ac-fec8-459f-9267-97979932912a?autoplay=true
Criando Multi Agent Systems com CrewAI,"1.3 - Entendendo Crews, Agents, Tasks, Tools e Processes
25xp",https://iframe.mediadelivery.net/embed/405395/2dc265ae-1e1c-43f4-84f3-b021a63dcea8?autoplay=true
Criando Multi Agent Systems com CrewAI,"1.4 - Criando sua primeira Crew
25xp",https://iframe.mediadelivery.net/embed/405395/c65736d8-a2e9-4215-8eff-283ab0f14772?autoplay=true
Criando Multi Agent Systems com CrewAI,"1.5 - Quiz – Introdução a CrewAI
25xp",
Criando Multi Agent Systems com CrewAI,Aula 6,https://iframe.mediadelivery.net/embed/405395/aea388d1-27b1-474f-97e7-9e245f9cca9e?autoplay=true
Criando Multi Agent Systems com CrewAI,Aula 7,
Criando Multi Agent Systems com CrewAI,Aula 8,
Criando Multi Agent Systems com CrewAI,Aula 9,https://iframe.mediadelivery.net/embed/405395/329f1236-792e-4efc-8941-6ffae023c066?autoplay=true
Criando Multi Agent Systems com CrewAI,Aula 10,https://iframe.mediadelivery.net/embed/405395/b9f64e2d-e4d0-4030-9233-18dcce10361e?autoplay=true
Criando Multi Agent Systems com CrewAI,Aula 11,https://iframe.mediadelivery.net/embed/405395/982c391f-02b8-4cad-ac1c-d049439a32d7?autoplay=true
Criando Multi Agent Systems com CrewAI,Aula 12,
Criando Multi Agent Systems com CrewAI,Aula 13,https://iframe.mediadelivery.net/embed/405395/e7f3b0d3-ab5b-4334-9f07-357ebee464de?autoplay=true
Criando Multi Agent Systems com CrewAI,Aula 14,
Criando Multi Agent Systems com CrewAI,Aula 15,https://iframe.mediadelivery.net/embed/405395/22d13256-2cab-4490-a70f-9f2d04e090a1?autoplay=true
Criando Multi Agent Systems com CrewAI,Aula 16,https://iframe.mediadelivery.net/embed/405395/06e0221d-b2f6-405d-965c-0abb5a392ac8?autoplay=true
Criando Multi Agent Systems com CrewAI,Aula 17,https://iframe.mediadelivery.net/embed/405395/a6f95e5b-da92-4260-8e1d-90494372ed57?autoplay=true
Criando Multi Agent Systems com CrewAI,Aula 18,
Criando Multi Agent Systems com CrewAI,Aula 19,https://iframe.mediadelivery.net/embed/405395/a83acde2-574e-4a06-9975-de4858268e50?autoplay=true
Criando Multi Agent Systems com CrewAI,Aula 20,
Deploy com CrewAI,Iniciar,https://iframe.mediadelivery.net/embed/405417/5b785e8d-d0c0-42da-ac33-3eebff59cf56?autoplay=true
Deploy com CrewAI,"1.2 - Criando um projeto pronto para deploy
25xp",https://iframe.mediadelivery.net/embed/405417/f39f1c51-1c38-4d0e-b270-eb00cbb1dad6?autoplay=true
Deploy com CrewAI,"1.3 - Adicionando meu projeto ao GitHub
25xp",https://iframe.mediadelivery.net/embed/405417/6f77164d-cc17-4cca-88e5-325834fefe96?autoplay=true
Deploy com CrewAI,"1.4 - Fazendo deploy de uma crew
25xp",https://iframe.mediadelivery.net/embed/405417/d09439fb-41bd-4465-a3ce-9612226d1be9?autoplay=true
Deploy com CrewAI,Aula 5,https://iframe.mediadelivery.net/embed/405417/d1db6e58-b70e-4356-906f-a5e4f6fc0bd3?autoplay=true
Deploy com CrewAI,Aula 6,https://iframe.mediadelivery.net/embed/405417/8452c149-3654-404f-8be6-4ce4e034eadd?autoplay=true
Deploy com CrewAI,Aula 7,
Browser-use na prática: Webscraping com agentes no navegador,Browser-use na prática: Webscraping com agentes no navegador,
Newsletter Financeira com Agno,Newsletter Financeira com Agno,
IA de Agendamento no Google Agenda,IA de Agendamento no Google Agenda,
Funil de captação com clone de voz (ElevenLabs + WhatsApp),Funil de captação com clone de voz (ElevenLabs + WhatsApp),
Provador de roupas virtual com SeeDream e Veo3,Provador de roupas virtual com SeeDream e Veo3,
UGC Factory - Crie um fluxo para produzir vídeos UGC,UGC Factory - Crie um fluxo para produzir vídeos UGC,
Assistente pessoal com n8n: ChatGPT + Gmail e Google Agenda,Assistente pessoal com n8n: ChatGPT + Gmail e Google Agenda,
Otimizador de Landing Pages com n8n,Otimizador de Landing Pages com n8n,
Salvamento e Categorização de Contatos pelo WhatsApp,Salvamento e Categorização de Contatos pelo WhatsApp,
Otimizando rotas com Google Maps,Otimizando rotas com Google Maps,
Criando Multi Agent Systems com CrewAI,"1.5 - Quiz – Introdução a CrewAI
25xp",
Criando Multi Agent Systems com CrewAI,Aula 7,
Criando Multi Agent Systems com CrewAI,Aula 8,
Criando Multi Agent Systems com CrewAI,Aula 12,
Criando Multi Agent Systems com CrewAI,Aula 14,
Criando Multi Agent Systems com CrewAI,Aula 18,
Criando Multi Agent Systems com CrewAI,Aula 20,
Deploy com CrewAI,Aula 7,
Browser-use na prática: Webscraping com agentes no navegador,Continuar,https://iframe.mediadelivery.net/embed/607387/76f65894-6691-499c-87ba-3328bfbabac7?autoplay=true&loop=false&muted=false&preload=true&responsive=true
Browser-use na prática: Webscraping com agentes no navegador,"1.2 - Conhecendo o Browser-Use
25xp",https://iframe.mediadelivery.net/embed/607387/c37c499e-3e79-4915-baa3-41242196b7c2?autoplay=true&loop=false&muted=false&preload=true&responsive=true
Browser-use na prática: Webscraping com agentes no navegador,"1.3 - Exemplo 1 – Busca Direta
25xp",https://iframe.mediadelivery.net/embed/607387/d99460d9-3bb7-40af-8857-8c4ef6580335?autoplay=true&loop=false&muted=false&preload=true&responsive=true
Browser-use na prática: Webscraping com agentes no navegador,"1.4 - Exemplo 2 – Preenchendo Formulário
25xp",https://iframe.mediadelivery.net/embed/607387/6dae3c6c-99c7-4caa-a634-bec111822cc6?autoplay=true&loop=false&muted=false&preload=true&responsive=true
Browser-use na prática: Webscraping com agentes no navegador,"1.5 - Exemplo 2 – Prompt Detalhado
25xp",https://iframe.mediadelivery.net/embed/607387/187d374c-5e61-4fd9-9e4f-ab1e6e5a831f?autoplay=true&loop=false&muted=false&preload=true&responsive=true
Browser-use na prática: Webscraping com agentes no navegador,"1.6 - Exemplo 3.1 – Scraping de Site de Citações
25xp",https://iframe.mediadelivery.net/embed/607387/d0f5da51-0ddc-4b3b-92dd-3ecc950dd0b5?autoplay=true&loop=false&muted=false&preload=true&responsive=true
Browser-use na prática: Webscraping com agentes no navegador,"1.7 - Exemplo 3.2 – Saida Estruturada com IA
25xp",https://iframe.mediadelivery.net/embed/607387/136f5f8a-3e44-46d4-99c2-531681e2f3fb?autoplay=true&loop=false&muted=false&preload=true&responsive=true
Browser-use na prática: Webscraping com agentes no navegador,"1.8 - Exemplo 3.3 – Uso de Ferramentas
25xp",https://iframe.mediadelivery.net/embed/607387/9e404385-4631-49a6-a2f4-232ee69c132b?autoplay=true&loop=false&muted=false&preload=true&responsive=true
Browser-use na prática: Webscraping com agentes no navegador,"1.9 - Exemplo 3.4 – Comparação de Custos
25xp",https://iframe.mediadelivery.net/embed/607387/1c88fecb-e784-412f-a37b-3b9ac03ff095?autoplay=true&loop=false&muted=false&preload=true&responsive=true
Browser-use na prática: Webscraping com agentes no navegador,Aula 10,https://iframe.mediadelivery.net/embed/607387/6b6a8be1-941a-49bd-9ec6-161cb9387eb3?autoplay=true&loop=false&muted=false&preload=true&responsive=true
Browser-use na prática: Webscraping com agentes no navegador,Aula 11,https://iframe.mediadelivery.net/embed/607387/6b569fc5-6941-491d-b56b-8d9a0bbb6eff?autoplay=true&loop=false&muted=false&preload=true&responsive=true
Browser-use na prática: Webscraping com agentes no navegador,Aula 12,https://iframe.mediadelivery.net/embed/607387/2021db01-bb29-4574-96ae-e9d604fdd32f?autoplay=true&loop=false&muted=false&preload=true&responsive=true
Browser-use na prática: Webscraping com agentes no navegador,Aula 13,https://iframe.mediadelivery.net/embed/607387/ecd7bccc-d7f0-4422-b39f-9808d2bf509d?autoplay=true&loop=false&muted=false&preload=true&responsive=true
Browser-use na prática: Webscraping com agentes no navegador,Aula 14,https://iframe.mediadelivery.net/embed/607387/90a29217-a23c-497c-8186-983a7b921977?autoplay=true&loop=false&muted=false&preload=true&responsive=true
Browser-use na prática: Webscraping com agentes no navegador,Aula 15,https://iframe.mediadelivery.net/embed/607387/701f3fd1-267c-4ba4-a5cb-7a78d2afc4a0?autoplay=true&loop=false&muted=false&preload=true&responsive=true
Browser-use na prática: Webscraping com agentes no navegador,Aula 16,https://iframe.mediadelivery.net/embed/607387/4faaf9c0-b2d4-4c9d-8871-55b0cd1253dc?autoplay=true&loop=false&muted=false&preload=true&responsive=true
Browser-use na prática: Webscraping com agentes no navegador,Aula 17,https://iframe.mediadelivery.net/embed/607387/1368d7a6-6608-4355-8d0d-7ae73ba72c7f?autoplay=true&loop=false&muted=false&preload=true&responsive=true
Browser-use na prática: Webscraping com agentes no navegador,Aula 18,https://iframe.mediadelivery.net/embed/607387/41945168-9532-4c75-9caa-0f0d049d042a?autoplay=true&loop=false&muted=false&preload=true&responsive=true
Browser-use na prática: Webscraping com agentes no navegador,Aula 19,https://iframe.mediadelivery.net/embed/607387/225ecb9d-c11a-4200-b0f5-fe4b40f56399?autoplay=true&loop=false&muted=false&preload=true&responsive=true
Newsletter Financeira com Agno,Continuar,https://iframe.mediadelivery.net/embed/533253/5fdd8761-f952-4ea1-b3b2-c9d87e2a61e1?autoplay=true&loop=false&muted=false&preload=true&responsive=true
Newsletter Financeira com Agno,Aula 2,https://iframe.mediadelivery.net/embed/533253/9394a1be-c5fe-4fef-8d2a-8e75db52c38e?autoplay=true&loop=false&muted=false&preload=true&responsive=true
Newsletter Financeira com Agno,Aula 3,https://iframe.mediadelivery.net/embed/533253/3fecb5a7-7c5a-4242-a68f-68720d6e6be8?autoplay=true&loop=false&muted=false&preload=true&responsive=true
Newsletter Financeira com Agno,Aula 4,https://iframe.mediadelivery.net/embed/533253/daeff146-6f62-408a-8e3a-645e129f2f7a?autoplay=true&loop=false&muted=false&preload=true&responsive=true
Newsletter Financeira com Agno,Aula 5,https://iframe.mediadelivery.net/embed/533253/ec634e13-bc85-49a2-a69c-f07a804d2864?autoplay=true&loop=false&muted=false&preload=true&responsive=true
IA de Agendamento no Google Agenda,Iniciar,https://iframe.mediadelivery.net/embed/515845/8bce7366-331d-4d5c-b3cc-497ac8e8798e?autoplay=true&loop=false&muted=false&preload=true&responsive=true
IA de Agendamento no Google Agenda,"1.2 - Construindo o Agente de IA e Conectando com Google Calendar
25xp",https://iframe.mediadelivery.net/embed/515845/b582517e-85d6-48ee-b646-fa7acd4bf001?autoplay=true&loop=false&muted=false&preload=true&responsive=true
IA de Agendamento no Google Agenda,"1.3 - Conectando o Agente ao WhatsApp
25xp",https://iframe.mediadelivery.net/embed/515845/50bc3e8a-e241-46f7-9299-9f12ddcb225d?autoplay=true&loop=false&muted=false&preload=true&responsive=true
IA de Agendamento no Google Agenda,"1.4 - Criando Funcionalidade de Notificação via WhatsApp
25xp",https://iframe.mediadelivery.net/embed/515845/e0d96430-9b44-4ecd-ac74-516a835ad568?autoplay=true&loop=false&muted=false&preload=true&responsive=true
Funil de captação com clone de voz (ElevenLabs + WhatsApp),Continuar,https://iframe.mediadelivery.net/embed/501988/44002416-38c8-4ae1-8e9a-9aca984b1f9a?autoplay=true&loop=false&muted=false&preload=true&responsive=true
Funil de captação com clone de voz (ElevenLabs + WhatsApp),"1.2 - Criando a página web
25xp",https://iframe.mediadelivery.net/embed/501988/103c79f1-a498-47f1-89ff-e21e8628ea1a?autoplay=true&loop=false&muted=false&preload=true&responsive=true
Funil de captação com clone de voz (ElevenLabs + WhatsApp),"1.3 - Salvando os dados em uma planilha
25xp",https://iframe.mediadelivery.net/embed/501988/27a20dd8-e066-4b48-b4d8-e2e7bfd588b9?autoplay=true&loop=false&muted=false&preload=true&responsive=true
Funil de captação com clone de voz (ElevenLabs + WhatsApp),"1.4 - Gerando o áudio de boas-vindas pela ElevenLabs
25xp",https://iframe.mediadelivery.net/embed/501988/24c61f52-31e6-439f-b9e4-bdcd0220be1a?autoplay=true&loop=false&muted=false&preload=true&responsive=true
Provador de roupas virtual com SeeDream e Veo3,Continuar,https://iframe.mediadelivery.net/embed/502476/881cad6d-cc78-4489-9943-174639080a09?autoplay=true&loop=false&muted=false&preload=true&responsive=true
Provador de roupas virtual com SeeDream e Veo3,"1.2 - Combinando imagens
25xp",https://iframe.mediadelivery.net/embed/502476/f4f35e53-27a2-4577-a773-23fc5100e897?autoplay=true&loop=false&muted=false&preload=true&responsive=true
Provador de roupas virtual com SeeDream e Veo3,"1.3 - Gerando modelo de vídeo
25xp",https://iframe.mediadelivery.net/embed/502476/a1fafabf-a511-4eed-810b-efda9f6d25d8?autoplay=true&loop=false&muted=false&preload=true&responsive=true
UGC Factory - Crie um fluxo para produzir vídeos UGC,Continuar,https://iframe.mediadelivery.net/embed/504126/96a37ec8-61bf-4d22-9524-12ef53ea0c3b?autoplay=true&loop=false&muted=false&preload=true&responsive=true
UGC Factory - Crie um fluxo para produzir vídeos UGC,"1.2 - Conhecendo o projeto
25xp",https://iframe.mediadelivery.net/embed/504126/49c692c5-6149-42c0-9c5e-dc36ef99440f?autoplay=true&loop=false&muted=false&preload=true&responsive=true
UGC Factory - Crie um fluxo para produzir vídeos UGC,"1.3 - Construindo o agente de imagem
25xp",https://iframe.mediadelivery.net/embed/504126/c2381864-c044-4568-ba70-ca98a7462743?autoplay=true&loop=false&muted=false&preload=true&responsive=true
UGC Factory - Crie um fluxo para produzir vídeos UGC,"1.4 - Construindo o agente de vídeo
25xp",https://iframe.mediadelivery.net/embed/504126/de1b463f-3bcb-43c2-bd95-98f79e11631e?autoplay=true&loop=false&muted=false&preload=true&responsive=true
UGC Factory - Crie um fluxo para produzir vídeos UGC,"1.5 - Finalização
25xp",https://iframe.mediadelivery.net/embed/504126/93e3a0fb-e857-4bbf-8ebb-336432da5715?autoplay=true&loop=false&muted=false&preload=true&responsive=true
Assistente pessoal com n8n: ChatGPT + Gmail e Google Agenda,Continuar,https://iframe.mediadelivery.net/embed/496806/9e478ec9-96d5-418a-84ee-4a32e2218a31?autoplay=true&loop=false&muted=false&preload=true&responsive=true
Otimizador de Landing Pages com n8n,Continuar,https://iframe.mediadelivery.net/embed/496798/2e33b8ae-b07c-49d6-9302-a557a423a80a?autoplay=true&loop=false&muted=false&preload=true&responsive=true
Salvamento e Categorização de Contatos pelo WhatsApp,Continuar,https://iframe.mediadelivery.net/embed/472769/bbb32994-c505-4b6e-86be-87af28a10298?autoplay=true&loop=false&muted=false&preload=true&responsive=true
Salvamento e Categorização de Contatos pelo WhatsApp,"1.2 - Configurando Webhook e Normalizando os Dados
25xp",https://iframe.mediadelivery.net/embed/472769/530b394f-ab01-4602-b060-6c4cf5ac15ff?autoplay=true&loop=false&muted=false&preload=true&responsive=true
Salvamento e Categorização de Contatos pelo WhatsApp,"1.3 - Criando nosso Agente de IA
25xp",https://iframe.mediadelivery.net/embed/472769/4973cc4e-d01c-4b27-baec-b8beeedc9fa6?autoplay=true&loop=false&muted=false&preload=true&responsive=true
Salvamento e Categorização de Contatos pelo WhatsApp,"1.4 - Formatando data e manipulando o fluxo de dados
25xp",https://iframe.mediadelivery.net/embed/472769/c343ddff-ef8e-4895-9e99-caead211a882?autoplay=true&loop=false&muted=false&preload=true&responsive=true
Salvamento e Categorização de Contatos pelo WhatsApp,"1.5 - Integração com Google Sheets
25xp",https://iframe.mediadelivery.net/embed/472769/4663a01c-c756-4f4a-bf9f-03fb9f9cd6f6?autoplay=true&loop=false&muted=false&preload=true&responsive=true
Salvamento e Categorização de Contatos pelo WhatsApp,"1.6 - Finalização
25xp",https://iframe.mediadelivery.net/embed/472769/f87c84e5-1486-47c8-85ac-6ac1657448ad?autoplay=true&loop=false&muted=false&preload=true&responsive=true
Otimizando rotas com Google Maps,Continuar,https://iframe.mediadelivery.net/embed/167970/70f41b17-752f-4126-841e-14ff8e0dc07a?autoplay=false
Otimizando rotas com Google Maps,"1.2 - Adicionando o primeiro destino
25xp",https://iframe.mediadelivery.net/embed/167970/f4353295-ca77-4bd4-8424-c2bd75ccd902?autoplay=false
Otimizando rotas com Google Maps,"1.3 - Adicionando segundo destino a aba de rotas
25xp",https://iframe.mediadelivery.net/embed/167970/5f9238ce-d90a-4b78-bef9-32b7e3f33789?autoplay=false
Otimizando rotas com Google Maps,"1.4 - Adicionando múltiplos destinos a aba de rotas
25xp",https://iframe.mediadelivery.net/embed/167970/46f43a0e-483a-4f84-bbfd-6636033fd4e0?autoplay=false
Otimizando rotas com Google Maps,Aula 5,https://iframe.mediadelivery.net/embed/167970/687e41ff-b4e6-4647-aa98-6f20d9e36298?autoplay=false
Otimizando rotas com Google Maps,Aula 6,https://iframe.mediadelivery.net/embed/167970/a0b71d8a-5040-400f-a72e-b6a88eb3f1d8?autoplay=false
Otimizando rotas com Google Maps,Aula 7,https://iframe.mediadelivery.net/embed/167970/e7e1bc99-415a-45a3-b97d-e83dfc4f6500?autoplay=false
Criando Multi Agent Systems com CrewAI,"1.5 - Quiz – Introdução a CrewAI
25xp",
Criando Multi Agent Systems com CrewAI,Aula 7,
Criando Multi Agent Systems com CrewAI,Aula 8,
Criando Multi Agent Systems com CrewAI,Aula 12,
Criando Multi Agent Systems com CrewAI,Aula 14,
Criando Multi Agent Systems com CrewAI,Aula 18,
Criando Multi Agent Systems com CrewAI,Aula 20,
Deploy com CrewAI,Aula 7,
Agente de IA para criação de conteúdo,Iniciar,https://iframe.mediadelivery.net/embed/481497/b562a82a-95a3-4827-bce9-36c16c987f43?autoplay=true&loop=false&muted=false&preload=true&responsive=true
Agente de IA para criação de conteúdo,"1.2 - O Agente em ação
25xp",https://iframe.mediadelivery.net/embed/481497/06d5abf9-fbe2-4e19-85bc-3dd55108123d?autoplay=true&loop=false&muted=false&preload=true&responsive=true
Agente de IA para criação de conteúdo,"1.3 - Como construiremos este projeto
25xp",https://iframe.mediadelivery.net/embed/481497/4b8d19c0-404d-427e-b650-770c87674be2?autoplay=true&loop=false&muted=false&preload=true&responsive=true
Agente de IA para criação de conteúdo,"1.4 - Criando o Transcripter
25xp",https://iframe.mediadelivery.net/embed/481497/7844fded-188a-49fc-9417-36e125762421?autoplay=true&loop=false&muted=false&preload=true&responsive=true
Agente de IA para criação de conteúdo,"1.5 - Criando o Agente
25xp",https://iframe.mediadelivery.net/embed/481497/7c60bb80-fd0a-4994-b3e6-a05abfe5eaa0?autoplay=true&loop=false&muted=false&preload=true&responsive=true
Agente de IA para criação de conteúdo,"1.6 - O cérebro do modelo – desenvolvendo o prompt
25xp",https://iframe.mediadelivery.net/embed/481497/391ce9d7-5431-43b6-a755-60f4686b04ff?autoplay=true&loop=false&muted=false&preload=true&responsive=true
Agente de IA para criação de conteúdo,"1.7 - Lendo as transcrições
25xp",https://iframe.mediadelivery.net/embed/481497/547eb6e0-d536-4f7a-b682-8e30ca37b1cb?autoplay=true&loop=false&muted=false&preload=true&responsive=true
Claude Code na prática: evoluindo um projeto com IA,Continuar,https://iframe.mediadelivery.net/embed/607665/40f5e2f1-b529-4650-98f5-49aaed80ca70?autoplay=true&loop=false&muted=false&preload=true&responsive=true
Claude Code na prática: evoluindo um projeto com IA,1.1 - Introdução – Claude Code,https://iframe.mediadelivery.net/embed/607665/cc700a4f-05a5-48c9-aaa3-e41521b5b387?autoplay=true&loop=false&muted=false&preload=true&responsive=true
Claude Code na prática: evoluindo um projeto com IA,"1.2 - Instalação do Claude Code – Terminal, VSCode e Cursor",https://iframe.mediadelivery.net/embed/607665/c022d1c2-b661-4989-8263-aadee1a5e89f?autoplay=true&loop=false&muted=false&preload=true&responsive=true
Claude Code na prática: evoluindo um projeto com IA,1.3 - Claude Code no Terminal e Repositório GIT Local,https://iframe.mediadelivery.net/embed/607665/7719cb6f-02d3-4ac3-b81a-4d22f29cc4bb?autoplay=true&loop=false&muted=false&preload=true&responsive=true
Claude Code na prática: evoluindo um projeto com IA,"1.5 - Contexto com Claude.md
25xp",https://iframe.mediadelivery.net/embed/607665/cb898f5a-fe1b-43ae-86b7-d46a7eb6d921?autoplay=true&loop=false&muted=false&preload=true&responsive=true
Claude Code na prática: evoluindo um projeto com IA,"1.6 - Gerenciando tamanho do Contexto
25xp",https://iframe.mediadelivery.net/embed/607665/5abf50b7-cc7e-498b-b21e-7692303264d4?autoplay=true&loop=false&muted=false&preload=true&responsive=true
Claude Code na prática: evoluindo um projeto com IA,"1.7 - Permissões no Claude Code
25xp",https://iframe.mediadelivery.net/embed/607665/f34449dc-a4aa-4152-aa89-5bc086b33813?autoplay=true&loop=false&muted=false&preload=true&responsive=true
Claude Code na prática: evoluindo um projeto com IA,Aula 8,
Claude Code na prática: evoluindo um projeto com IA,Aula 9,
Agente de Curadoria de Noticias,Continuar,https://iframe.mediadelivery.net/embed/610981/d2ba98b5-2072-48f8-9422-86390b98c18a?autoplay=true&loop=false&muted=false&preload=true&responsive=true
Agente de Curadoria de Noticias,"1.2 - Visão do projeto
25xp",https://iframe.mediadelivery.net/embed/610981/bf941ac9-6451-4177-85fb-e93be39534a8?autoplay=true&loop=false&muted=false&preload=true&responsive=true
Agente de Curadoria de Noticias,"1.3 - Monolito com prompt embutido
25xp",https://iframe.mediadelivery.net/embed/610981/53a2e443-d46c-4dc5-8577-f5d4e18d7045?autoplay=true&loop=false&muted=false&preload=true&responsive=true
Agente de Curadoria de Noticias,"1.4 - Skills externas e separação prompt × código
25xp",https://iframe.mediadelivery.net/embed/610981/2ceec2e2-fdff-47dc-ba89-c61e615410b0?autoplay=true&loop=false&muted=false&preload=true&responsive=true
Agente de Curadoria de Noticias,"1.5 - Pipeline multiagente sequencial
25xp",https://iframe.mediadelivery.net/embed/610981/2a00ce19-9306-4889-80b6-f2a07649e67e?autoplay=true&loop=false&muted=false&preload=true&responsive=true
Agente de Curadoria de Noticias,"1.6 - Workflow declarativo
25xp",https://iframe.mediadelivery.net/embed/610981/23f1a134-e84b-4699-b84d-e7d8c6ccdd7f?autoplay=true&loop=false&muted=false&preload=true&responsive=true
